{
    "name": "pf2e-rsc-fork",
    "title": "PF2e Repeated Skill Challenge Continued",
    "description": "Module to help facilitate repeated skill challenges in PF2e, original by drex193",
    "author": "Mark Pearce",
    "version": "1.4.4",
    "minimumCoreVersion": "9.0",
    "compatibleCoreVersion": "9.0",
    "esmodules": [
        "scripts/init.js",
        "scripts/scripts.js"
    ],
    "styles": [ "./pf2e-rsc.css" ],
    "packs": [
	{
            "name": "pf2e-rsc-fork",
            "label": "PF2e Repeated Skill Challenge Continued",
            "path": "packs/pf2e-rsc.db",
            "module": "pf2e-rsc-fork",
            "entity": "Macro"
        }
    ],
    "socket": true,
    "url": "https://github.com/MarkPearce/pf2e-rsc-fork",
    "manifest": "https://github.com/MarkPearce/pf2e-rsc-fork/releases/latest/download/module.json",
    "download": "https://github.com/MarkPearce/pf2e-rsc-fork/releases/latest/download/pf2e-rsc-fork.zip"
}